<?xml version="1.0" encoding="UTF-8" standalone="yes"?>
<addon id="repository.anime4all" name="Anime4All" version="0.0.1" provider-name="Anime4All">
	<extension point="xbmc.addon.repository" name="Anime4All">
		<dir>
			<info compressed="false">https://raw.githubusercontent.com/totalrevolution/python-koding/master/zips/addons.xml</info>
			<checksum>https://raw.githubusercontent.com/totalrevolution/python-koding/master/zips/addons.xml.md5</checksum>
			<datadir zip="true">https://raw.githubusercontent.com/totalrevolution/python-koding/master/zips/</datadir>
		</dir>
		<info compressed="false">https://raw.githubusercontent.com/lordfenixnc/repository.anime4all/master/zips/addons.xml</info>
		<checksum>https://raw.githubusercontent.com/lordfenixnc/repository.anime4all/master/zips/addons.xml.md5</checksum>
		<datadir zip="true">https://raw.githubusercontent.com/lordfenixnc/repository.anime4all/master/zips/</datadir>
	</extension>
	<extension point="xbmc.addon.metadata">
		<summary lang="en">anime4all repo</summary>
		<description lang="en">anime4all repo housing projects for anime4all</description>
		<genre>anime,movies,japanese,usa</genre>
	</extension>
</addon>